# seo redirects

/showcase/ /build-your-app/ 301
/inspirate/ / 301
/home_tlf/ /telefonica/ 301
/team/ /about-us/ 301
/pricing/ /prices/ 301
/equipo/ /nosotros/ 301
/tipos-marketing-movil/ /blog/tipos-marketing-movil/ 301
/logo-upplication/ /blog/logo-upplication/ 301
/ventajas-marketing-movil/ /blog/ventajas-marketing-movil/ 301
/web-multidispositivo-aplicacion-movil/ /blog/web-multidispositivo-aplicacion-movil/ 301
/mobile-world-congress-upplication/ /blog/mobile-world-congress-upplication/ 301

/category/apps/ /blog/aplicaciones-movil/ 301
/category/plantillas/ /blog/dia-a-dia/ 301

/blog/autor/equipo-upplication/ /nosotros/ 301
/blog/blog-corporativo/ /blog/ 301
/blog/autor/equipo-upplication/page/2/ /blog/autor/upplication-team/ 301

/condicioneslegalesmovistar-upplication/ /terminos-aplicateca/ 301
/termsandconditionsmovistar-upplication/ /terms-aplicateca/ 301
/termsandconditionsmovistar-upplication-indonesian/ /terms-aplicateca-indonesian/ 301
/condiçõeslegaismovistar-upplication/ /termos-aplicateca/ 301
/build-app-mobile-terms/ /terms/ 301
/politica-subida-apps-app-store/ /terminos/ 301

# microlandings migrated to instapage
/crear-app-movil-*  /crear-app-movil/:splat 301

# proxy the blog
/blog/*  https://blog.upplication.com/:splat  200

# proxy estudio-mobile-pymes
/estudio-mobile-pymes-2016* http://microlanding.upplication.com/estudio-mobile-pymes-2016 200

# proxy microlandings
/crear-app-movil/* http://microlanding.upplication.com/crear-app-movil/:splat 200
/crear/* http://microlanding.upplication.com/crear-app-movil/:splat 200

# custom 404
/* /pagina-no-encontrada 404